iter,model,coef,estimate
1,logit,effect::Cleanup,-0.0188390323731367
1,logit,effect::Threat,0.00602012605289547
1,logit,effect::Impact,-0.0625493897414732
1,poisson,effect::Cleanup,0.00374842104432238
1,poisson,effect::Threat,0.00407469740314785
1,poisson,effect::Impact,0.00139529406688687
2,logit,effect::Cleanup,-0.0444727470231699
2,logit,effect::Threat,-0.0127849078816495
2,logit,effect::Impact,0.0167556562723943
2,poisson,effect::Cleanup,0.00463544114884785
2,poisson,effect::Threat,0.0056169029008183
2,poisson,effect::Impact,0.000993217565948554
3,logit,effect::Cleanup,-0.0528200600105602
3,logit,effect::Threat,-0.00442935273999837
3,logit,effect::Impact,-0.0199520186887697
3,poisson,effect::Cleanup,0.00379572199581302
3,poisson,effect::Threat,0.00512277750360856
3,poisson,effect::Impact,0.0028309028413544
4,logit,effect::Cleanup,-0.0254994151454245
4,logit,effect::Threat,-0.00956689364022579
4,logit,effect::Impact,-0.0828692406666697
4,poisson,effect::Cleanup,0.00299586037405918
4,poisson,effect::Threat,0.0031567340917421
4,poisson,effect::Impact,0.00609984361585119
5,logit,effect::Cleanup,-0.00764397723624905
5,logit,effect::Threat,-0.0522331634688048
5,logit,effect::Impact,0.039490410336857
5,poisson,effect::Cleanup,0.00341474135401071
5,poisson,effect::Threat,0.00353375966859048
5,poisson,effect::Impact,0.00523854180000598
6,logit,effect::Cleanup,-0.0200576192983724
6,logit,effect::Threat,-0.0277005875127748
6,logit,effect::Impact,-0.00402263650604964
6,poisson,effect::Cleanup,0.00492836882717192
6,poisson,effect::Threat,0.00465248116524005
6,poisson,effect::Impact,0.0048992436173068
7,logit,effect::Cleanup,-0.0315774860192385
7,logit,effect::Threat,-0.0290918121688851
7,logit,effect::Impact,-0.0335467874661265
7,poisson,effect::Cleanup,0.00490727039953588
7,poisson,effect::Threat,0.00530569983686944
7,poisson,effect::Impact,-0.00375567038238633
8,logit,effect::Cleanup,-0.0575609721014289
8,logit,effect::Threat,-0.029345785457308
8,logit,effect::Impact,-0.0139880092930982
8,poisson,effect::Cleanup,0.00523880984974519
8,poisson,effect::Threat,0.00283185182026962
8,poisson,effect::Impact,0.00161853467334821
9,logit,effect::Cleanup,-0.0319687385915992
9,logit,effect::Threat,-0.0256593708512056
9,logit,effect::Impact,-0.0520061247249422
9,poisson,effect::Cleanup,0.00299159883496165
9,poisson,effect::Threat,0.0051262936906068
9,poisson,effect::Impact,0.0114001148285391
10,logit,effect::Cleanup,0.0142543346072059
10,logit,effect::Threat,-0.0198799074712043
10,logit,effect::Impact,0.097398060158979
10,poisson,effect::Cleanup,0.00428148757679365
10,poisson,effect::Threat,0.00541130244697959
10,poisson,effect::Impact,0.00169028480962215
11,logit,effect::Cleanup,-0.00829642826783276
11,logit,effect::Threat,-0.0244461001561163
11,logit,effect::Impact,0.0110122979285655
11,poisson,effect::Cleanup,0.00492713815778887
11,poisson,effect::Threat,0.00274722591831996
11,poisson,effect::Impact,0.00248071551700005
12,logit,effect::Cleanup,-0.00571985336577581
12,logit,effect::Threat,-0.00239100515863382
12,logit,effect::Impact,-0.0187279111861105
12,poisson,effect::Cleanup,0.00453626058886384
12,poisson,effect::Threat,0.00536777925383973
12,poisson,effect::Impact,0.00101506792643064
13,logit,effect::Cleanup,-0.0506442006166438
13,logit,effect::Threat,-0.0204843265139748
13,logit,effect::Impact,-0.0444983113555815
13,poisson,effect::Cleanup,0.0039034685378607
13,poisson,effect::Threat,0.00376843363382361
13,poisson,effect::Impact,0.00487352585212458
14,logit,effect::Cleanup,0.00273970316341638
14,logit,effect::Threat,-0.0336494843721511
14,logit,effect::Impact,-0.0926864891917442
14,poisson,effect::Cleanup,0.00487626176445132
14,poisson,effect::Threat,0.00350695220049409
14,poisson,effect::Impact,-0.00153677168155305
15,logit,effect::Cleanup,-0.00361268706807991
15,logit,effect::Threat,-0.0411046805414771
15,logit,effect::Impact,0.0180479097507793
15,poisson,effect::Cleanup,0.00280078064085878
15,poisson,effect::Threat,0.00260758840067948
15,poisson,effect::Impact,0.004200989652979
16,logit,effect::Cleanup,-0.0477892974184364
16,logit,effect::Threat,-0.0211279938196788
16,logit,effect::Impact,-0.00235925834829014
16,poisson,effect::Cleanup,0.00476522351021597
16,poisson,effect::Threat,0.00592785633055898
16,poisson,effect::Impact,0.00546255458212444
17,logit,effect::Cleanup,-0.0245268539728883
17,logit,effect::Threat,-0.0167460613507339
17,logit,effect::Impact,0.0272971928844715
17,poisson,effect::Cleanup,0.00465225031910594
17,poisson,effect::Threat,0.00422000113341985
17,poisson,effect::Impact,0.00140564217938096
18,logit,effect::Cleanup,-0.0613142991173146
18,logit,effect::Threat,-0.029522378530968
18,logit,effect::Impact,0.0568155934916608
18,poisson,effect::Cleanup,0.00422177332516819
18,poisson,effect::Threat,0.00465751551139149
18,poisson,effect::Impact,0.0028135223467811
19,logit,effect::Cleanup,-0.0312206614872153
19,logit,effect::Threat,-0.0213668903303372
19,logit,effect::Impact,-0.0295464567406942
19,poisson,effect::Cleanup,0.00264587362621453
19,poisson,effect::Threat,0.00324818197861742
19,poisson,effect::Impact,0.00177011027015283
20,logit,effect::Cleanup,-0.0126854956384391
20,logit,effect::Threat,0.00065151368323806
20,logit,effect::Impact,0.0220880434404018
20,poisson,effect::Cleanup,0.00680993373221667
20,poisson,effect::Threat,0.00474848326159509
20,poisson,effect::Impact,8.82152291669033e-05
21,logit,effect::Cleanup,-0.0342517103034192
21,logit,effect::Threat,0.013183013151271
21,logit,effect::Impact,-0.0343608117848794
21,poisson,effect::Cleanup,0.00431714205931162
21,poisson,effect::Threat,0.00338198957182297
21,poisson,effect::Impact,0.00307633718491112
22,logit,effect::Cleanup,-0.0445901148835497
22,logit,effect::Threat,-0.0101282862531739
22,logit,effect::Impact,-0.0526517507133587
22,poisson,effect::Cleanup,0.00369298375484765
22,poisson,effect::Threat,0.00458483517673596
22,poisson,effect::Impact,0.00598554420142938
23,logit,effect::Cleanup,-0.0151492633232373
23,logit,effect::Threat,-0.0508813475250515
23,logit,effect::Impact,-0.0679556053599921
23,poisson,effect::Cleanup,0.00480280546443373
23,poisson,effect::Threat,0.00271217865299839
23,poisson,effect::Impact,0.00806904077544168
24,logit,effect::Cleanup,0.0177281345562986
24,logit,effect::Threat,-0.0322938706646874
24,logit,effect::Impact,0.000246092237397002
24,poisson,effect::Cleanup,0.00320196694069483
24,poisson,effect::Threat,0.00599393354688399
24,poisson,effect::Impact,0.00523520097461053
25,logit,effect::Cleanup,-0.0167356426116235
25,logit,effect::Threat,-0.0163638705941087
25,logit,effect::Impact,0.0200990279279736
25,poisson,effect::Cleanup,0.00329217397247371
25,poisson,effect::Threat,0.00519932673464555
25,poisson,effect::Impact,0.00545189465895257
26,logit,effect::Cleanup,0.0172521626496564
26,logit,effect::Threat,-0.0279995119869141
26,logit,effect::Impact,0.0352228352798594
26,poisson,effect::Cleanup,0.00376635301760644
26,poisson,effect::Threat,0.00410966982788617
26,poisson,effect::Impact,0.00013344638023993
27,logit,effect::Cleanup,0.0129212735314597
27,logit,effect::Threat,-0.0355655027742004
27,logit,effect::Impact,-0.00159223942814246
27,poisson,effect::Cleanup,0.00543406365672547
27,poisson,effect::Threat,0.00411659430583796
27,poisson,effect::Impact,0.00689689006781068
28,logit,effect::Cleanup,0.00734335300247798
28,logit,effect::Threat,-0.0668545168541303
28,logit,effect::Impact,0.112893194439502
28,poisson,effect::Cleanup,0.00532503214227749
28,poisson,effect::Threat,0.00494481397771462
28,poisson,effect::Impact,0.00537803626889489
29,logit,effect::Cleanup,-0.0832837585468393
29,logit,effect::Threat,-0.0115938804505951
29,logit,effect::Impact,0.0396045574170453
29,poisson,effect::Cleanup,0.00325873296532857
29,poisson,effect::Threat,0.00169179485493864
29,poisson,effect::Impact,0.00647823918598221
30,logit,effect::Cleanup,-0.0537642817309983
30,logit,effect::Threat,-0.0120948518970063
30,logit,effect::Impact,-0.0483376209030806
30,poisson,effect::Cleanup,0.00372023565035963
30,poisson,effect::Threat,0.00522366739450111
30,poisson,effect::Impact,-0.00202143078631091
31,logit,effect::Cleanup,-0.0308401810189267
31,logit,effect::Threat,-0.0251093456493755
31,logit,effect::Impact,0.0219069304778334
31,poisson,effect::Cleanup,0.00349403695801002
31,poisson,effect::Threat,0.00500080837011264
31,poisson,effect::Impact,-0.00257249329386541
32,logit,effect::Cleanup,0.0225196128133982
32,logit,effect::Threat,-0.00774647242293234
32,logit,effect::Impact,-0.0398748857174851
32,poisson,effect::Cleanup,0.0030722690975619
32,poisson,effect::Threat,0.00283471838133717
32,poisson,effect::Impact,0.00372190081480175
33,logit,effect::Cleanup,-0.0452974603051352
33,logit,effect::Threat,-0.0305423963985699
33,logit,effect::Impact,0.0894738762506646
33,poisson,effect::Cleanup,0.00390088546077991
33,poisson,effect::Threat,0.00578181468560633
33,poisson,effect::Impact,0.00280673126012868
34,logit,effect::Cleanup,-0.0346810419233282
34,logit,effect::Threat,-0.0311433573607805
34,logit,effect::Impact,-0.0622930119067728
34,poisson,effect::Cleanup,0.00400546417162559
34,poisson,effect::Threat,0.00320652713420296
34,poisson,effect::Impact,0.00969866853196327
35,logit,effect::Cleanup,-0.0273893147510929
35,logit,effect::Threat,-0.0434279380414564
35,logit,effect::Impact,0.0339769402851187
35,poisson,effect::Cleanup,0.00251293366174741
35,poisson,effect::Threat,0.00546980930850016
35,poisson,effect::Impact,0.00168208327557298
36,logit,effect::Cleanup,-0.0045630498246523
36,logit,effect::Threat,-0.0823995108497188
36,logit,effect::Impact,-0.123415439847138
36,poisson,effect::Cleanup,0.00310240417113039
36,poisson,effect::Threat,0.00404642141348478
36,poisson,effect::Impact,-0.0011990155143434
37,logit,effect::Cleanup,-0.0192157372866561
37,logit,effect::Threat,-0.0345538826153812
37,logit,effect::Impact,-0.0373210375598638
37,poisson,effect::Cleanup,0.00344627976760506
37,poisson,effect::Threat,0.00293688699317198
37,poisson,effect::Impact,0.00459706942645944
38,logit,effect::Cleanup,-0.0264422256928601
38,logit,effect::Threat,-0.0344185062123487
38,logit,effect::Impact,-0.00640204699848221
38,poisson,effect::Cleanup,0.00561977952694265
38,poisson,effect::Threat,0.00430671643064445
38,poisson,effect::Impact,0.00248594714567622
39,logit,effect::Cleanup,-0.0283977205013962
39,logit,effect::Threat,-0.0273838918660225
39,logit,effect::Impact,-0.150710232648242
39,poisson,effect::Cleanup,0.00569057291902546
39,poisson,effect::Threat,0.00272773773209128
39,poisson,effect::Impact,0.00729304844664804
40,logit,effect::Cleanup,-0.0468845847692454
40,logit,effect::Threat,0.00846735150921916
40,logit,effect::Impact,-0.0566434740786013
40,poisson,effect::Cleanup,0.00333964566555168
40,poisson,effect::Threat,0.00463662178197877
40,poisson,effect::Impact,0.00236793364007318
41,logit,effect::Cleanup,-0.0233916257815624
41,logit,effect::Threat,-0.0317672288781696
41,logit,effect::Impact,-0.11135959692793
41,poisson,effect::Cleanup,0.00297107325250265
41,poisson,effect::Threat,0.00471480363103172
41,poisson,effect::Impact,0.00800834501392248
42,logit,effect::Cleanup,-0.0160944229908648
42,logit,effect::Threat,-0.029638856076094
42,logit,effect::Impact,0.0228410923406307
42,poisson,effect::Cleanup,0.00384868957875176
42,poisson,effect::Threat,0.00521902879766045
42,poisson,effect::Impact,0.00622656831916508
43,logit,effect::Cleanup,-0.000119104482089629
43,logit,effect::Threat,-0.0571750034680503
43,logit,effect::Impact,0.0477194774588986
43,poisson,effect::Cleanup,0.00306881417164858
43,poisson,effect::Threat,0.00403293148753094
43,poisson,effect::Impact,0.00505104396026188
44,logit,effect::Cleanup,-0.0174835104154237
44,logit,effect::Threat,-0.00252884706673303
44,logit,effect::Impact,-0.0253243169551554
44,poisson,effect::Cleanup,0.00440810886309637
44,poisson,effect::Threat,0.00594465243118017
44,poisson,effect::Impact,0.00164823112879837
45,logit,effect::Cleanup,-0.0525054413860862
45,logit,effect::Threat,-0.0114030884529124
45,logit,effect::Impact,-0.0496781475172585
45,poisson,effect::Cleanup,0.00509941642491494
45,poisson,effect::Threat,0.00567181014355882
45,poisson,effect::Impact,0.000622461155452956
46,logit,effect::Cleanup,-0.0274080401390366
46,logit,effect::Threat,0.0168641634606394
46,logit,effect::Impact,-0.00541169843543112
46,poisson,effect::Cleanup,0.00451627955978131
46,poisson,effect::Threat,0.00273240407917741
46,poisson,effect::Impact,0.00628649103142293
47,logit,effect::Cleanup,-0.0545597412427619
47,logit,effect::Threat,-0.0214956544638413
47,logit,effect::Impact,-0.179396101334263
47,poisson,effect::Cleanup,0.00445683429633168
47,poisson,effect::Threat,0.00524289207429395
47,poisson,effect::Impact,0.000255967127080088
48,logit,effect::Cleanup,-0.0440672612287582
48,logit,effect::Threat,-0.0001525466550193
48,logit,effect::Impact,0.00934513910235838
48,poisson,effect::Cleanup,0.00437456791779506
48,poisson,effect::Threat,0.00165979478619704
48,poisson,effect::Impact,0.00475255986908514
49,logit,effect::Cleanup,-0.0334102782309952
49,logit,effect::Threat,-0.0406283471627828
49,logit,effect::Impact,0.0416544576141965
49,poisson,effect::Cleanup,0.00420255089563962
49,poisson,effect::Threat,0.00427104576554141
49,poisson,effect::Impact,0.00746779544868304
50,logit,effect::Cleanup,-0.0522286727500351
50,logit,effect::Threat,-0.039237500326479
50,logit,effect::Impact,0.00893692116323104
50,poisson,effect::Cleanup,0.00292095195454755
50,poisson,effect::Threat,0.00337145142719856
50,poisson,effect::Impact,0.00500365979699499
51,logit,effect::Cleanup,-0.06224765110687
51,logit,effect::Threat,-0.0187481710777443
51,logit,effect::Impact,-0.0082692818051009
51,poisson,effect::Cleanup,0.0046536237853684
51,poisson,effect::Threat,0.00470207694859082
51,poisson,effect::Impact,0.00960299969822771
52,logit,effect::Cleanup,-0.0369443675721378
52,logit,effect::Threat,-0.0346670488479535
52,logit,effect::Impact,0.0156266790050997
52,poisson,effect::Cleanup,0.00518949561766887
52,poisson,effect::Threat,0.00511783840010675
52,poisson,effect::Impact,0.00534547270642551
53,logit,effect::Cleanup,-0.0474616865049744
53,logit,effect::Threat,-0.00334618977632405
53,logit,effect::Impact,-0.0378310684374821
53,poisson,effect::Cleanup,0.00429701966033491
53,poisson,effect::Threat,0.00342986023171063
53,poisson,effect::Impact,-0.000489137809307302
54,logit,effect::Cleanup,-0.0452579666930473
54,logit,effect::Threat,-0.0119743163788364
54,logit,effect::Impact,-0.019893080687304
54,poisson,effect::Cleanup,0.00303783532054184
54,poisson,effect::Threat,0.0032431062874068
54,poisson,effect::Impact,0.0102137330192107
55,logit,effect::Cleanup,-0.0420942794429748
55,logit,effect::Threat,0.000541911437179687
55,logit,effect::Impact,-0.060098660476034
55,poisson,effect::Cleanup,0.00520210413491128
55,poisson,effect::Threat,0.00384035286058532
55,poisson,effect::Impact,-0.00240867493173113
56,logit,effect::Cleanup,-0.0730623456599349
56,logit,effect::Threat,-0.0410266324794135
56,logit,effect::Impact,0.131093497051943
56,poisson,effect::Cleanup,0.0048571736604223
56,poisson,effect::Threat,0.00449520109393351
56,poisson,effect::Impact,-0.00116934491200926
57,logit,effect::Cleanup,-0.0265098704724955
57,logit,effect::Threat,-0.0176943183415651
57,logit,effect::Impact,-0.0552236851669892
57,poisson,effect::Cleanup,0.00420694984899559
57,poisson,effect::Threat,0.00432063608231861
57,poisson,effect::Impact,0.00547341008538744
58,logit,effect::Cleanup,-0.00522656772430368
58,logit,effect::Threat,-0.0238689786229949
58,logit,effect::Impact,-0.137332562989922
58,poisson,effect::Cleanup,0.00323214768737049
58,poisson,effect::Threat,0.00547536804571283
58,poisson,effect::Impact,0.000244587183838958
59,logit,effect::Cleanup,-0.0870994693751326
59,logit,effect::Threat,0.0188054811516031
59,logit,effect::Impact,-0.0113449259429361
59,poisson,effect::Cleanup,0.00300118764785528
59,poisson,effect::Threat,0.00502472850943682
59,poisson,effect::Impact,0.00012868608743272
60,logit,effect::Cleanup,-0.068962821299234
60,logit,effect::Threat,-0.0158840208800852
60,logit,effect::Impact,-0.0418364879875986
60,poisson,effect::Cleanup,0.0026088169046841
60,poisson,effect::Threat,0.00197025177180841
60,poisson,effect::Impact,0.00415030134263556
61,logit,effect::Cleanup,-0.00976213003064829
61,logit,effect::Threat,-0.04032745906945
61,logit,effect::Impact,0.0539703697386959
61,poisson,effect::Cleanup,0.00393933864611806
61,poisson,effect::Threat,0.00459528965743094
61,poisson,effect::Impact,0.0041119567917052
62,logit,effect::Cleanup,0.00510317978150889
62,logit,effect::Threat,-0.0511493042415483
62,logit,effect::Impact,0.0622837185122452
62,poisson,effect::Cleanup,0.00465137034665534
62,poisson,effect::Threat,0.00449342058840277
62,poisson,effect::Impact,-0.000154453911389411
63,logit,effect::Cleanup,-0.0546439900120261
63,logit,effect::Threat,-0.0291023861773682
63,logit,effect::Impact,-0.0791524637169384
63,poisson,effect::Cleanup,0.00376629360142419
63,poisson,effect::Threat,0.00462921562865359
63,poisson,effect::Impact,0.000535660368291438
64,logit,effect::Cleanup,-0.00258941873926322
64,logit,effect::Threat,-0.00194316055937526
64,logit,effect::Impact,-0.0521373192282232
64,poisson,effect::Cleanup,0.00321912423013784
64,poisson,effect::Threat,0.00399573680438858
64,poisson,effect::Impact,0.00214688532486534
65,logit,effect::Cleanup,-0.0103576516508193
65,logit,effect::Threat,-0.0624381525477886
65,logit,effect::Impact,-0.00287654387085155
65,poisson,effect::Cleanup,0.00443875452985187
65,poisson,effect::Threat,0.00363462889987135
65,poisson,effect::Impact,0.000836477419283272
66,logit,effect::Cleanup,-0.0119919462934412
66,logit,effect::Threat,-0.0460304137718702
66,logit,effect::Impact,-0.0146495525064445
66,poisson,effect::Cleanup,0.00389839965665488
66,poisson,effect::Threat,0.00558688070094235
66,poisson,effect::Impact,0.000572480510552903
67,logit,effect::Cleanup,-0.0284001160132602
67,logit,effect::Threat,-0.0503279962233187
67,logit,effect::Impact,-0.0872328495715961
67,poisson,effect::Cleanup,0.00375463239691338
67,poisson,effect::Threat,0.00357973701442969
67,poisson,effect::Impact,0.00182765331237633
68,logit,effect::Cleanup,-0.0381981712158173
68,logit,effect::Threat,-0.0403029217211945
68,logit,effect::Impact,0.0635579204916987
68,poisson,effect::Cleanup,0.00463040990591528
68,poisson,effect::Threat,0.00357654132608176
68,poisson,effect::Impact,0.0010608742563962
69,logit,effect::Cleanup,-0.00815887354100368
69,logit,effect::Threat,-0.0375702882606792
69,logit,effect::Impact,-0.0651796366603483
69,poisson,effect::Cleanup,0.00351795584091305
69,poisson,effect::Threat,0.00474015948700236
69,poisson,effect::Impact,0.00322028700416584
70,logit,effect::Cleanup,-0.0225736847936834
70,logit,effect::Threat,-0.0546708631982112
70,logit,effect::Impact,0.0981800108770291
70,poisson,effect::Cleanup,0.00485747199167285
70,poisson,effect::Threat,0.00442695946746758
70,poisson,effect::Impact,0.000405426341200552
71,logit,effect::Cleanup,-0.0294195044554603
71,logit,effect::Threat,-0.0298768462140326
71,logit,effect::Impact,-0.0757835542496854
71,poisson,effect::Cleanup,0.00542637005111318
71,poisson,effect::Threat,0.00344426637034022
71,poisson,effect::Impact,0.0030044203224842
72,logit,effect::Cleanup,-0.0291666884908681
72,logit,effect::Threat,-0.0242631968624469
72,logit,effect::Impact,0.0997204417486232
72,poisson,effect::Cleanup,0.00529592955551319
72,poisson,effect::Threat,0.00350498922730551
72,poisson,effect::Impact,0.00374183663427076
73,logit,effect::Cleanup,-0.0129523969314757
73,logit,effect::Threat,-0.0172484133598055
73,logit,effect::Impact,0.0290449750390932
73,poisson,effect::Cleanup,0.00454121595428415
73,poisson,effect::Threat,0.00303017664396677
73,poisson,effect::Impact,-0.000704332987894304
74,logit,effect::Cleanup,-0.00919282524720817
74,logit,effect::Threat,0.00300785257880845
74,logit,effect::Impact,0.0091260435308583
74,poisson,effect::Cleanup,0.00278407804389246
74,poisson,effect::Threat,0.00629209318127519
74,poisson,effect::Impact,-0.00121404970221964
75,logit,effect::Cleanup,-0.059125588262322
75,logit,effect::Threat,-0.027228442400092
75,logit,effect::Impact,-0.0662649940516362
75,poisson,effect::Cleanup,0.00458471621512052
75,poisson,effect::Threat,0.00424934603772263
75,poisson,effect::Impact,0.00639301360739018
76,logit,effect::Cleanup,-0.00388211302010542
76,logit,effect::Threat,-0.0452029004381193
76,logit,effect::Impact,-0.0739731296039844
76,poisson,effect::Cleanup,0.00296027863098892
76,poisson,effect::Threat,0.00243459335721507
76,poisson,effect::Impact,0.00438819699052698
77,logit,effect::Cleanup,-0.0214375324447244
77,logit,effect::Threat,-0.00357963526111214
77,logit,effect::Impact,0.0115525753272678
77,poisson,effect::Cleanup,0.00537995683348232
77,poisson,effect::Threat,0.00424530026823573
77,poisson,effect::Impact,0.00571819621538709
78,logit,effect::Cleanup,-0.0438955352191541
78,logit,effect::Threat,-0.0170620532652432
78,logit,effect::Impact,-0.110250419455602
78,poisson,effect::Cleanup,0.00466870113222498
78,poisson,effect::Threat,0.00432900093446863
78,poisson,effect::Impact,0.0062132296203046
79,logit,effect::Cleanup,-0.0459030107346059
79,logit,effect::Threat,-0.0217042902023796
79,logit,effect::Impact,-0.0113912996253778
79,poisson,effect::Cleanup,0.00459224357414971
79,poisson,effect::Threat,0.00368054154237487
79,poisson,effect::Impact,0.00457866161188701
80,logit,effect::Cleanup,-0.0716911907483978
80,logit,effect::Threat,-0.0276923050093748
80,logit,effect::Impact,0.0566743728027362
80,poisson,effect::Cleanup,0.00492913655199324
80,poisson,effect::Threat,0.00495456278791292
80,poisson,effect::Impact,0.000174474811938185
81,logit,effect::Cleanup,-0.0189888828407484
81,logit,effect::Threat,-0.0318741841807044
81,logit,effect::Impact,-0.0463958013344038
81,poisson,effect::Cleanup,0.00340620877420289
81,poisson,effect::Threat,0.00485625560420645
81,poisson,effect::Impact,0.00698021724730886
82,logit,effect::Cleanup,0.0125113211438057
82,logit,effect::Threat,-0.0735736686340127
82,logit,effect::Impact,0.0966119516623798
82,poisson,effect::Cleanup,0.00564519189374888
82,poisson,effect::Threat,0.00502776368063123
82,poisson,effect::Impact,0.00625914906474513
83,logit,effect::Cleanup,-0.00706099790227922
83,logit,effect::Threat,-0.0137071300754778
83,logit,effect::Impact,-0.0436288443715058
83,poisson,effect::Cleanup,0.00439035090126264
83,poisson,effect::Threat,0.00360832928314533
83,poisson,effect::Impact,0.00581335628147494
84,logit,effect::Cleanup,-0.0120572004230116
84,logit,effect::Threat,-0.0289728350879252
84,logit,effect::Impact,0.0407747469394983
84,poisson,effect::Cleanup,0.00484131453296182
84,poisson,effect::Threat,0.00600429973827238
84,poisson,effect::Impact,0.00716042288329898
85,logit,effect::Cleanup,-0.0360068825935959
85,logit,effect::Threat,0.0123164409249665
85,logit,effect::Impact,-0.0774673469819542
85,poisson,effect::Cleanup,0.00370564980703898
85,poisson,effect::Threat,0.00345837323025459
85,poisson,effect::Impact,0.00320701006308575
86,logit,effect::Cleanup,0.00569439037198039
86,logit,effect::Threat,-9.78746083571795e-05
86,logit,effect::Impact,-0.017300587582359
86,poisson,effect::Cleanup,0.00229352025728737
86,poisson,effect::Threat,0.00266100205945262
86,poisson,effect::Impact,0.00143570350464568
87,logit,effect::Cleanup,-0.0292186625961169
87,logit,effect::Threat,-0.0356352811336277
87,logit,effect::Impact,0.0737822645168616
87,poisson,effect::Cleanup,0.00237821010817946
87,poisson,effect::Threat,0.00395909682886783
87,poisson,effect::Impact,0.0023577206130411
88,logit,effect::Cleanup,-0.00930670182572718
88,logit,effect::Threat,-0.00400370213538009
88,logit,effect::Impact,-0.111224341393185
88,poisson,effect::Cleanup,0.00405288091712679
88,poisson,effect::Threat,0.00263138378576044
88,poisson,effect::Impact,0.00121675027558211
89,logit,effect::Cleanup,0.00917219539880483
89,logit,effect::Threat,0.0451465493561554
89,logit,effect::Impact,-0.0340068680252573
89,poisson,effect::Cleanup,0.00355764080276698
89,poisson,effect::Threat,0.00419433954036599
89,poisson,effect::Impact,0.00408069890755498
90,logit,effect::Cleanup,-0.00591728697408438
90,logit,effect::Threat,-0.0280352481792501
90,logit,effect::Impact,-0.0777855855731372
90,poisson,effect::Cleanup,0.00352938159058805
90,poisson,effect::Threat,0.00480958027619964
90,poisson,effect::Impact,0.000324429053114784
91,logit,effect::Cleanup,-0.0115008354593739
91,logit,effect::Threat,-0.0439529219275047
91,logit,effect::Impact,0.0436910033914372
91,poisson,effect::Cleanup,0.00348127985914172
91,poisson,effect::Threat,0.00439068603528541
91,poisson,effect::Impact,0.00315956891663079
92,logit,effect::Cleanup,-0.000597112301401243
92,logit,effect::Threat,-0.0282230327798286
92,logit,effect::Impact,-0.0432480085530745
92,poisson,effect::Cleanup,0.00428961955245186
92,poisson,effect::Threat,0.00598579718995296
92,poisson,effect::Impact,0.00395002405724796
93,logit,effect::Cleanup,-0.0389251681580282
93,logit,effect::Threat,0.0177777714342056
93,logit,effect::Impact,0.0294163280496212
93,poisson,effect::Cleanup,0.00463722975652228
93,poisson,effect::Threat,0.00384492099619868
93,poisson,effect::Impact,0.00467257103020071
94,logit,effect::Cleanup,-0.0396653962708086
94,logit,effect::Threat,-0.00399954229794403
94,logit,effect::Impact,0.0400037645582639
94,poisson,effect::Cleanup,0.00512805251244909
94,poisson,effect::Threat,0.00462033240446449
94,poisson,effect::Impact,-0.00247054553851355
95,logit,effect::Cleanup,-0.0418257196114077
95,logit,effect::Threat,-0.0147996886710985
95,logit,effect::Impact,0.043799105616862
95,poisson,effect::Cleanup,0.00398327533027786
95,poisson,effect::Threat,0.00494746184540389
95,poisson,effect::Impact,-0.00154656085126892
96,logit,effect::Cleanup,-0.0238851926149395
96,logit,effect::Threat,-0.00475954232484702
96,logit,effect::Impact,-0.00726180673890062
96,poisson,effect::Cleanup,0.00513988134163643
96,poisson,effect::Threat,0.00343300727506667
96,poisson,effect::Impact,0.00267029874634598
97,logit,effect::Cleanup,0.0117196882729005
97,logit,effect::Threat,-0.0196411083128248
97,logit,effect::Impact,-0.0609270258864758
97,poisson,effect::Cleanup,0.00485777428195772
97,poisson,effect::Threat,0.00509351800136317
97,poisson,effect::Impact,0.00533440259512711
98,logit,effect::Cleanup,-0.062797454444872
98,logit,effect::Threat,-0.0238207902411279
98,logit,effect::Impact,0.0740777697378359
98,poisson,effect::Cleanup,0.00250222743383322
98,poisson,effect::Threat,0.00409335218992743
98,poisson,effect::Impact,0.003207388451963
99,logit,effect::Cleanup,-0.0347060449931986
99,logit,effect::Threat,-0.0273347846557472
99,logit,effect::Impact,-0.0139834860212592
99,poisson,effect::Cleanup,0.00287583863824518
99,poisson,effect::Threat,0.0038353547395014
99,poisson,effect::Impact,0.00641572259232802
100,logit,effect::Cleanup,-0.0308497830265089
100,logit,effect::Threat,-0.0220775874004439
100,logit,effect::Impact,0.178055141733343
100,poisson,effect::Cleanup,0.00387597609469307
100,poisson,effect::Threat,0.00369678874847238
100,poisson,effect::Impact,0.00292075791027641
101,logit,effect::Cleanup,-0.0316400382645967
101,logit,effect::Threat,0.00192927011492242
101,logit,effect::Impact,-0.0446604543618661
101,poisson,effect::Cleanup,0.00438458569789542
101,poisson,effect::Threat,0.0042283830510792
101,poisson,effect::Impact,0.00676349730485108
102,logit,effect::Cleanup,-0.0396483588251561
102,logit,effect::Threat,-0.0499817123703651
102,logit,effect::Impact,-0.0333877330949126
102,poisson,effect::Cleanup,0.00431731495336985
102,poisson,effect::Threat,0.00549753035251669
102,poisson,effect::Impact,0.00620734220757007
103,logit,effect::Cleanup,-0.0659066000839442
103,logit,effect::Threat,-0.00887827445361785
103,logit,effect::Impact,0.0767017026070565
103,poisson,effect::Cleanup,0.00323513523762176
103,poisson,effect::Threat,0.00440631592563889
103,poisson,effect::Impact,0.00218011800913057
104,logit,effect::Cleanup,-0.0336451985918693
104,logit,effect::Threat,-0.0116225086206799
104,logit,effect::Impact,-0.12029702056629
104,poisson,effect::Cleanup,0.00317422221693729
104,poisson,effect::Threat,0.00452732939720714
104,poisson,effect::Impact,0.00022479414063301
105,logit,effect::Cleanup,-0.0492125708647221
105,logit,effect::Threat,0.00167267586472119
105,logit,effect::Impact,-0.0374783531765117
105,poisson,effect::Cleanup,0.00331028351578945
105,poisson,effect::Threat,0.00384525470342413
105,poisson,effect::Impact,-0.000348375040800358
106,logit,effect::Cleanup,-0.0592078285778753
106,logit,effect::Threat,-0.0128537834384617
106,logit,effect::Impact,0.0755083441940878
106,poisson,effect::Cleanup,0.00271283402703111
106,poisson,effect::Threat,0.0040326037982325
106,poisson,effect::Impact,0.00308780773628605
107,logit,effect::Cleanup,-0.00615505882454722
107,logit,effect::Threat,-0.00687217758342826
107,logit,effect::Impact,0.0312514736894721
107,poisson,effect::Cleanup,0.00438708264766775
107,poisson,effect::Threat,0.00330287318487196
107,poisson,effect::Impact,0.00205308807563671
108,logit,effect::Cleanup,-0.04219154360052
108,logit,effect::Threat,-0.0121920429548993
108,logit,effect::Impact,-0.0571260606132375
108,poisson,effect::Cleanup,0.00276707271570691
108,poisson,effect::Threat,0.0058066750872488
108,poisson,effect::Impact,-0.000994729608185207
109,logit,effect::Cleanup,-0.0359440586259176
109,logit,effect::Threat,-0.0271313775163519
109,logit,effect::Impact,-0.0295634192444414
109,poisson,effect::Cleanup,0.00418195648703317
109,poisson,effect::Threat,0.00109077288528258
109,poisson,effect::Impact,0.000204735169083353
110,logit,effect::Cleanup,-0.0159787708877175
110,logit,effect::Threat,-0.0629671355320995
110,logit,effect::Impact,-0.132333222476633
110,poisson,effect::Cleanup,0.00255044785987068
110,poisson,effect::Threat,0.00328072472782177
110,poisson,effect::Impact,0.00373295408706437
111,logit,effect::Cleanup,-0.0158007436249213
111,logit,effect::Threat,-0.058786439908427
111,logit,effect::Impact,-0.0828584147576375
111,poisson,effect::Cleanup,0.00388266680759184
111,poisson,effect::Threat,0.00516094767326841
111,poisson,effect::Impact,0.000937569973473649
112,logit,effect::Cleanup,-0.0500222894319164
112,logit,effect::Threat,0.0015854265776675
112,logit,effect::Impact,-0.161011442075907
112,poisson,effect::Cleanup,0.00435871036130404
112,poisson,effect::Threat,0.00327183944466621
112,poisson,effect::Impact,0.000482364037745534
113,logit,effect::Cleanup,-0.0257317820649145
113,logit,effect::Threat,-0.0297186071605279
113,logit,effect::Impact,0.0336611821573496
113,poisson,effect::Cleanup,0.00479549815966388
113,poisson,effect::Threat,0.00271628259549588
113,poisson,effect::Impact,0.00331458194600332
114,logit,effect::Cleanup,0.0218556503291223
114,logit,effect::Threat,-0.00294707260342676
114,logit,effect::Impact,0.016038962659569
114,poisson,effect::Cleanup,0.00524830600255149
114,poisson,effect::Threat,0.00343541502173773
114,poisson,effect::Impact,0.000284163717696565
115,logit,effect::Cleanup,-0.0612331618534396
115,logit,effect::Threat,-0.0375025455247773
115,logit,effect::Impact,-0.051172871298756
115,poisson,effect::Cleanup,0.00496367563354786
115,poisson,effect::Threat,0.00491447883929272
115,poisson,effect::Impact,0.00480102955965731
116,logit,effect::Cleanup,-0.0618247850957307
116,logit,effect::Threat,-0.0910140474660428
116,logit,effect::Impact,-0.0196775482034299
116,poisson,effect::Cleanup,0.00377238434404724
116,poisson,effect::Threat,0.00335616050403448
116,poisson,effect::Impact,0.00143136316486404
117,logit,effect::Cleanup,-0.0304831806137559
117,logit,effect::Threat,-0.00262309632901441
117,logit,effect::Impact,-0.0410958139403645
117,poisson,effect::Cleanup,0.00333958057901878
117,poisson,effect::Threat,0.00408836866615593
117,poisson,effect::Impact,0.00443462944013937
118,logit,effect::Cleanup,-0.034272762953737
118,logit,effect::Threat,-0.0301647517458611
118,logit,effect::Impact,-0.0725367561165934
118,poisson,effect::Cleanup,0.00461217350250313
118,poisson,effect::Threat,0.00499180300639722
118,poisson,effect::Impact,-0.000864335232666747
119,logit,effect::Cleanup,-0.0175343153047531
119,logit,effect::Threat,-0.0122181391635606
119,logit,effect::Impact,-0.0219180115067348
119,poisson,effect::Cleanup,0.00241355959740362
119,poisson,effect::Threat,0.00550969207801709
119,poisson,effect::Impact,0.000497078177993258
120,logit,effect::Cleanup,-0.0618911021180129
120,logit,effect::Threat,-0.000564093026438725
120,logit,effect::Impact,-0.0357793999976713
120,poisson,effect::Cleanup,0.00346560536791822
120,poisson,effect::Threat,0.00566962255662537
120,poisson,effect::Impact,0.00665162149827695
121,logit,effect::Cleanup,-0.0477294017533047
121,logit,effect::Threat,-0.0286780186895828
121,logit,effect::Impact,-0.0311299383308865
121,poisson,effect::Cleanup,0.00339123231485485
121,poisson,effect::Threat,0.00551962439919511
121,poisson,effect::Impact,0.00201396610349924
122,logit,effect::Cleanup,0.000492406783889839
122,logit,effect::Threat,-0.0485697700333129
122,logit,effect::Impact,0.0136412861346022
122,poisson,effect::Cleanup,0.00371313851355701
122,poisson,effect::Threat,0.00511989826675184
122,poisson,effect::Impact,0.00524020801492597
123,logit,effect::Cleanup,-0.0124466715536959
123,logit,effect::Threat,-0.00112460211329872
123,logit,effect::Impact,-0.0482712112144852
123,poisson,effect::Cleanup,0.00313879440825647
123,poisson,effect::Threat,0.00466206556753748
123,poisson,effect::Impact,0.00108492504104424
124,logit,effect::Cleanup,-0.035656008116
124,logit,effect::Threat,-0.0584140241493773
124,logit,effect::Impact,0.116691263345755
124,poisson,effect::Cleanup,0.0047653401120217
124,poisson,effect::Threat,0.00442877779623435
124,poisson,effect::Impact,0.00512654251682297
125,logit,effect::Cleanup,-0.0310787943857478
125,logit,effect::Threat,-0.0477062107615354
125,logit,effect::Impact,0.0194314843454567
125,poisson,effect::Cleanup,0.00374936693639107
125,poisson,effect::Threat,0.00340752959906717
125,poisson,effect::Impact,0.00024541185707164
126,logit,effect::Cleanup,-0.0306365161370807
126,logit,effect::Threat,-0.059349954653574
126,logit,effect::Impact,-0.0844407993302018
126,poisson,effect::Cleanup,0.00324987350961903
126,poisson,effect::Threat,0.00471218236624401
126,poisson,effect::Impact,0.00622163339149113
127,logit,effect::Cleanup,-0.061660324247846
127,logit,effect::Threat,-0.0305087107328307
127,logit,effect::Impact,0.0606268834567966
127,poisson,effect::Cleanup,0.00443793535124336
127,poisson,effect::Threat,0.00393031163206699
127,poisson,effect::Impact,0.00227935613383685
128,logit,effect::Cleanup,-0.0236804345662122
128,logit,effect::Threat,0.00461151526525967
128,logit,effect::Impact,0.0701494214952649
128,poisson,effect::Cleanup,0.00453713058502042
128,poisson,effect::Threat,0.00445795261314302
128,poisson,effect::Impact,0.00497497699288657
129,logit,effect::Cleanup,-0.0543346140555347
129,logit,effect::Threat,-0.0353945468568681
129,logit,effect::Impact,-0.0171691275567443
129,poisson,effect::Cleanup,0.00382614690345306
129,poisson,effect::Threat,0.00351610672518041
129,poisson,effect::Impact,0.011622139835579
130,logit,effect::Cleanup,-0.0297494839242002
130,logit,effect::Threat,-0.0466794194502348
130,logit,effect::Impact,0.0515743370691109
130,poisson,effect::Cleanup,0.00447472562721291
130,poisson,effect::Threat,0.00453669809028121
130,poisson,effect::Impact,0.00327638189927281
131,logit,effect::Cleanup,-0.0436536794820709
131,logit,effect::Threat,-0.0254563481951244
131,logit,effect::Impact,-0.0306854983336162
131,poisson,effect::Cleanup,0.00374359907513189
131,poisson,effect::Threat,0.00333114625492101
131,poisson,effect::Impact,0.00326829070222204
132,logit,effect::Cleanup,-0.0460648582635296
132,logit,effect::Threat,0.00817957090669173
132,logit,effect::Impact,0.0134468240249684
132,poisson,effect::Cleanup,0.00418801192737307
132,poisson,effect::Threat,0.00492074491050836
132,poisson,effect::Impact,0.00269804215065776
133,logit,effect::Cleanup,-0.00948287298060136
133,logit,effect::Threat,-0.0280539646815006
133,logit,effect::Impact,-0.00793632996291054
133,poisson,effect::Cleanup,0.00400829390383737
133,poisson,effect::Threat,0.00471131754757852
133,poisson,effect::Impact,0.00182942088094254
134,logit,effect::Cleanup,-0.0402614691386459
134,logit,effect::Threat,-0.0346405031106531
134,logit,effect::Impact,0.0102344305969387
134,poisson,effect::Cleanup,0.00488914402610052
134,poisson,effect::Threat,0.00511589530068902
134,poisson,effect::Impact,0.00220547314336426
135,logit,effect::Cleanup,-0.0643809534266396
135,logit,effect::Threat,-0.041262455525196
135,logit,effect::Impact,-0.0332501096579552
135,poisson,effect::Cleanup,0.00403142363759538
135,poisson,effect::Threat,0.00442663526501019
135,poisson,effect::Impact,0.00947656797864342
136,logit,effect::Cleanup,-0.0650934806930186
136,logit,effect::Threat,-0.0504749229737096
136,logit,effect::Impact,-0.0215380004977497
136,poisson,effect::Cleanup,0.00306178951136749
136,poisson,effect::Threat,0.00502912248186967
136,poisson,effect::Impact,0.00823018833064277
137,logit,effect::Cleanup,-0.026013644761757
137,logit,effect::Threat,-0.0277679447421123
137,logit,effect::Impact,0.0569566019306257
137,poisson,effect::Cleanup,0.0029935278538183
137,poisson,effect::Threat,0.00446773320568304
137,poisson,effect::Impact,0.00313942767897855
138,logit,effect::Cleanup,-0.00661166645410471
138,logit,effect::Threat,0.000776971680296421
138,logit,effect::Impact,0.0127841021619501
138,poisson,effect::Cleanup,0.00580772810571789
138,poisson,effect::Threat,0.0049006446648524
138,poisson,effect::Impact,0.00643201934763147
139,logit,effect::Cleanup,-0.0148632168593993
139,logit,effect::Threat,-0.0353977976537657
139,logit,effect::Impact,0.0674163153163265
139,poisson,effect::Cleanup,0.00452444569181185
139,poisson,effect::Threat,0.00470714582450937
139,poisson,effect::Impact,-0.0024992119912024
140,logit,effect::Cleanup,-0.0525509338925905
140,logit,effect::Threat,0.00862382481171348
140,logit,effect::Impact,-0.0228819452488946
140,poisson,effect::Cleanup,0.00439949023139386
140,poisson,effect::Threat,0.00437352532728676
140,poisson,effect::Impact,0.00350901019343192
141,logit,effect::Cleanup,-0.0360642758864496
141,logit,effect::Threat,0.0030930742662804
141,logit,effect::Impact,-0.0313718243180762
141,poisson,effect::Cleanup,0.0050374310830215
141,poisson,effect::Threat,0.00494305176179243
141,poisson,effect::Impact,0.00151042129082013
142,logit,effect::Cleanup,-0.0312071155898391
142,logit,effect::Threat,0.00698010861245922
142,logit,effect::Impact,-0.128605957015137
142,poisson,effect::Cleanup,0.00351098752145124
142,poisson,effect::Threat,0.00432394669492608
142,poisson,effect::Impact,0.00508504145707683
143,logit,effect::Cleanup,-0.0747947554705918
143,logit,effect::Threat,-0.0139983963396647
143,logit,effect::Impact,-0.149789478344948
143,poisson,effect::Cleanup,0.0035010636020268
143,poisson,effect::Threat,0.00327863655642966
143,poisson,effect::Impact,0.00562737698311699
144,logit,effect::Cleanup,-0.00360692915252325
144,logit,effect::Threat,-0.0310966492517952
144,logit,effect::Impact,0.0552948729171298
144,poisson,effect::Cleanup,0.00404662113583951
144,poisson,effect::Threat,0.00496229763595325
144,poisson,effect::Impact,0.0029632389183237
145,logit,effect::Cleanup,-0.0332077914228353
145,logit,effect::Threat,-0.0470094332787312
145,logit,effect::Impact,-0.0492447866541466
145,poisson,effect::Cleanup,0.00355331720153379
145,poisson,effect::Threat,0.00527857812241348
145,poisson,effect::Impact,0.0030894203238843
146,logit,effect::Cleanup,0.0204993238379667
146,logit,effect::Threat,-0.0893481321563004
146,logit,effect::Impact,-0.0869943873280453
146,poisson,effect::Cleanup,0.00357724938758946
146,poisson,effect::Threat,0.0050729034811735
146,poisson,effect::Impact,0.00155293477342303
147,logit,effect::Cleanup,-0.0251559078537187
147,logit,effect::Threat,-0.00827210041146929
147,logit,effect::Impact,-0.154451482987914
147,poisson,effect::Cleanup,0.00475806595179931
147,poisson,effect::Threat,0.00358942713479307
147,poisson,effect::Impact,0.00146665187559172
148,logit,effect::Cleanup,-0.0490816613409019
148,logit,effect::Threat,-0.0448981454271502
148,logit,effect::Impact,-0.0610686221841845
148,poisson,effect::Cleanup,0.00364205471172771
148,poisson,effect::Threat,0.00477090540220294
148,poisson,effect::Impact,0.00485356419971054
149,logit,effect::Cleanup,0.0381082513893661
149,logit,effect::Threat,-0.05242528801246
149,logit,effect::Impact,-0.0236353947920154
149,poisson,effect::Cleanup,0.00420111847382842
149,poisson,effect::Threat,0.00403030216377792
149,poisson,effect::Impact,0.000639256891381499
150,logit,effect::Cleanup,-0.0387448106215218
150,logit,effect::Threat,-0.00722814750253581
150,logit,effect::Impact,0.0176897059438904
150,poisson,effect::Cleanup,0.00325929627919652
150,poisson,effect::Threat,0.00240838577015091
150,poisson,effect::Impact,0.00208129513486446
151,logit,effect::Cleanup,-0.0341936002152993
151,logit,effect::Threat,-0.0210183431208737
151,logit,effect::Impact,0.040629640103059
151,poisson,effect::Cleanup,0.00489151937671683
151,poisson,effect::Threat,0.00461942869986659
151,poisson,effect::Impact,0.00190748003343284
152,logit,effect::Cleanup,-0.0503282140914054
152,logit,effect::Threat,-0.03107988272736
152,logit,effect::Impact,-0.0411946245700906
152,poisson,effect::Cleanup,0.00342611514943793
152,poisson,effect::Threat,0.00276667862208767
152,poisson,effect::Impact,0.00475455096431266
153,logit,effect::Cleanup,0.00169000641320996
153,logit,effect::Threat,-0.0125997678087401
153,logit,effect::Impact,-0.0281346479183118
153,poisson,effect::Cleanup,0.00420133302312239
153,poisson,effect::Threat,0.005007704789586
153,poisson,effect::Impact,0.00596084219911215
154,logit,effect::Cleanup,-0.0267790627940971
154,logit,effect::Threat,-0.0387222450367309
154,logit,effect::Impact,0.0252672467267881
154,poisson,effect::Cleanup,0.0058918082910543
154,poisson,effect::Threat,0.00364220056697542
154,poisson,effect::Impact,0.00664451263530178
155,logit,effect::Cleanup,-0.0288242361865004
155,logit,effect::Threat,-0.00152605086886578
155,logit,effect::Impact,-0.0131519174258787
155,poisson,effect::Cleanup,0.00526983930471949
155,poisson,effect::Threat,0.00335729228361468
155,poisson,effect::Impact,0.0035433566721135
156,logit,effect::Cleanup,-0.0186000744093735
156,logit,effect::Threat,-0.0383506959476794
156,logit,effect::Impact,0.0451845865461724
156,poisson,effect::Cleanup,0.0032957431068573
156,poisson,effect::Threat,0.00369073660962319
156,poisson,effect::Impact,0.000829735734570474
157,logit,effect::Cleanup,-0.0123362760409035
157,logit,effect::Threat,-0.0269839358646983
157,logit,effect::Impact,0.109827054520535
157,poisson,effect::Cleanup,0.00447152570539031
157,poisson,effect::Threat,0.00560133243107142
157,poisson,effect::Impact,0.00175477551910544
158,logit,effect::Cleanup,-0.0546409291158408
158,logit,effect::Threat,-0.0383538349287875
158,logit,effect::Impact,-0.100523677878792
158,poisson,effect::Cleanup,0.00390501586643825
158,poisson,effect::Threat,0.00447435322137556
158,poisson,effect::Impact,0.00194348570040768
159,logit,effect::Cleanup,-0.0383245205146131
159,logit,effect::Threat,0.0262177091444155
159,logit,effect::Impact,0.095105828188072
159,poisson,effect::Cleanup,0.00569555809024842
159,poisson,effect::Threat,0.00453078387099278
159,poisson,effect::Impact,0.00848761355402075
160,logit,effect::Cleanup,-0.0308626578594568
160,logit,effect::Threat,-0.0326598844027372
160,logit,effect::Impact,-0.100831393891228
160,poisson,effect::Cleanup,0.00480326757452268
160,poisson,effect::Threat,0.00381175329735556
160,poisson,effect::Impact,0.00688806309160089
161,logit,effect::Cleanup,-0.0349457726144943
161,logit,effect::Threat,-0.0419115250687896
161,logit,effect::Impact,0.0284367240821402
161,poisson,effect::Cleanup,0.0040855090011639
161,poisson,effect::Threat,0.0044031431922984
161,poisson,effect::Impact,0.00261232813656463
162,logit,effect::Cleanup,-0.033413374158947
162,logit,effect::Threat,0.000272498957244176
162,logit,effect::Impact,-0.0733749346765833
162,poisson,effect::Cleanup,0.00549619649630404
162,poisson,effect::Threat,0.00545447425115559
162,poisson,effect::Impact,0.00100502663034025
163,logit,effect::Cleanup,-0.059001830400516
163,logit,effect::Threat,-0.058099935896312
163,logit,effect::Impact,0.0279513876065808
163,poisson,effect::Cleanup,0.00469705763423396
163,poisson,effect::Threat,0.00418249747917256
163,poisson,effect::Impact,0.00426834635061286
164,logit,effect::Cleanup,-0.0275092835881651
164,logit,effect::Threat,-0.033806817656479
164,logit,effect::Impact,-0.00530209877570021
164,poisson,effect::Cleanup,0.00380931851201963
164,poisson,effect::Threat,0.00390416272890438
164,poisson,effect::Impact,0.00271161481321677
165,logit,effect::Cleanup,-0.0130019985282431
165,logit,effect::Threat,-0.0253665511724266
165,logit,effect::Impact,-0.0934856322275791
165,poisson,effect::Cleanup,0.00424260577945586
165,poisson,effect::Threat,0.00224287986271794
165,poisson,effect::Impact,0.0020939052016539
166,logit,effect::Cleanup,-0.020701655392089
166,logit,effect::Threat,-0.0261572253296634
166,logit,effect::Impact,0.10556911711014
166,poisson,effect::Cleanup,0.0037502984960309
166,poisson,effect::Threat,0.00469436500089507
166,poisson,effect::Impact,-0.00225761118512087
167,logit,effect::Cleanup,-0.0376257946643101
167,logit,effect::Threat,-0.0133681207391719
167,logit,effect::Impact,-0.0802280274220259
167,poisson,effect::Cleanup,0.00422305260671879
167,poisson,effect::Threat,0.00355370080581157
167,poisson,effect::Impact,0.00232335961694134
168,logit,effect::Cleanup,-0.0662312593615155
168,logit,effect::Threat,-0.013640734131033
168,logit,effect::Impact,-0.0689961090495079
168,poisson,effect::Cleanup,0.00490311035228159
168,poisson,effect::Threat,0.00427174504053418
168,poisson,effect::Impact,0.000349183045860022
169,logit,effect::Cleanup,-0.0242495627012265
169,logit,effect::Threat,-0.0368949532800514
169,logit,effect::Impact,-0.0284648519133875
169,poisson,effect::Cleanup,0.00340505614254229
169,poisson,effect::Threat,0.00653528967242631
169,poisson,effect::Impact,-0.000461473028948063
170,logit,effect::Cleanup,-0.0161386975843414
170,logit,effect::Threat,-0.0470079546643325
170,logit,effect::Impact,-0.0334268858260305
170,poisson,effect::Cleanup,0.00447197838616033
170,poisson,effect::Threat,0.00472068385247393
170,poisson,effect::Impact,0.00459144834973506
171,logit,effect::Cleanup,-0.0841120699325185
171,logit,effect::Threat,-0.0108533545984693
171,logit,effect::Impact,-0.0182796372354315
171,poisson,effect::Cleanup,0.00724989437891849
171,poisson,effect::Threat,0.00606215718420289
171,poisson,effect::Impact,0.00672436195632246
172,logit,effect::Cleanup,0.00912376293935993
172,logit,effect::Threat,-0.0227967655338411
172,logit,effect::Impact,0.00808520073348561
172,poisson,effect::Cleanup,0.00514410978056317
172,poisson,effect::Threat,0.00342905238434793
172,poisson,effect::Impact,0.000242940451640361
173,logit,effect::Cleanup,-0.0201709616493695
173,logit,effect::Threat,-0.0624977740260709
173,logit,effect::Impact,0.0152871803328242
173,poisson,effect::Cleanup,0.00420898167316076
173,poisson,effect::Threat,0.00522594062043965
173,poisson,effect::Impact,-0.00156024313172827
174,logit,effect::Cleanup,-0.0336311262676594
174,logit,effect::Threat,-0.0417860968095716
174,logit,effect::Impact,-0.00852552815933965
174,poisson,effect::Cleanup,0.00456165603665406
174,poisson,effect::Threat,0.00459280734156611
174,poisson,effect::Impact,0.00897310833436688
175,logit,effect::Cleanup,-0.0617343617683123
175,logit,effect::Threat,-0.0420408973734505
175,logit,effect::Impact,-0.10229507514462
175,poisson,effect::Cleanup,0.0039377607665258
175,poisson,effect::Threat,0.00483003856201317
175,poisson,effect::Impact,0.000255583605094724
176,logit,effect::Cleanup,-0.0774817959033906
176,logit,effect::Threat,-0.0231604220491404
176,logit,effect::Impact,-0.219663402426641
176,poisson,effect::Cleanup,0.00317675688044504
176,poisson,effect::Threat,0.00514919389459204
176,poisson,effect::Impact,0.000884949879202659
177,logit,effect::Cleanup,-0.0139842672370075
177,logit,effect::Threat,0.0039941382989634
177,logit,effect::Impact,0.0172723655433956
177,poisson,effect::Cleanup,0.00449453216484441
177,poisson,effect::Threat,0.00521644552576236
177,poisson,effect::Impact,0.00499524334961712
178,logit,effect::Cleanup,-0.0404188265223727
178,logit,effect::Threat,-0.0051327942630928
178,logit,effect::Impact,0.0532473210104824
178,poisson,effect::Cleanup,0.00363298879937173
178,poisson,effect::Threat,0.00390106754935011
178,poisson,effect::Impact,-0.00560788507177361
179,logit,effect::Cleanup,0.00222619949544723
179,logit,effect::Threat,-0.0641204535492149
179,logit,effect::Impact,-0.0943388949571584
179,poisson,effect::Cleanup,0.0034372157206085
179,poisson,effect::Threat,0.00555838806378352
179,poisson,effect::Impact,0.00188512790624893
180,logit,effect::Cleanup,0.00362293292552979
180,logit,effect::Threat,-0.00855749839180403
180,logit,effect::Impact,0.00982046445216849
180,poisson,effect::Cleanup,0.00460325238364215
180,poisson,effect::Threat,0.00448867542807423
180,poisson,effect::Impact,0.00299675344381081
181,logit,effect::Cleanup,-0.0680921346664694
181,logit,effect::Threat,-0.0192444278980666
181,logit,effect::Impact,-0.070358069271116
181,poisson,effect::Cleanup,0.00514628942603027
181,poisson,effect::Threat,0.00292313303465609
181,poisson,effect::Impact,0.000877904462721729
182,logit,effect::Cleanup,-0.0563905827527105
182,logit,effect::Threat,0.00973654211939835
182,logit,effect::Impact,0.00396319446740124
182,poisson,effect::Cleanup,0.00388156293509818
182,poisson,effect::Threat,0.0051839305802704
182,poisson,effect::Impact,0.00355635706454336
183,logit,effect::Cleanup,-0.0329782443975016
183,logit,effect::Threat,0.00847042191388496
183,logit,effect::Impact,-0.0109285971713391
183,poisson,effect::Cleanup,0.00557510983268348
183,poisson,effect::Threat,0.00369026822193244
183,poisson,effect::Impact,0.00377566608892411
184,logit,effect::Cleanup,-0.0165401977347046
184,logit,effect::Threat,-0.0192790778223388
184,logit,effect::Impact,-0.0170335334893721
184,poisson,effect::Cleanup,0.00584478389627037
184,poisson,effect::Threat,0.00345908939211997
184,poisson,effect::Impact,0.00299071990048743
185,logit,effect::Cleanup,-0.035852854923708
185,logit,effect::Threat,-0.044921143676214
185,logit,effect::Impact,-0.138487697736118
185,poisson,effect::Cleanup,0.00366622777618264
185,poisson,effect::Threat,0.002233647351993
185,poisson,effect::Impact,0.00410461151538054
186,logit,effect::Cleanup,-0.033502218694285
186,logit,effect::Threat,-0.0399498653008832
186,logit,effect::Impact,0.00142616178095979
186,poisson,effect::Cleanup,0.00490414028258942
186,poisson,effect::Threat,0.00479583307546125
186,poisson,effect::Impact,-0.00160471083087378
187,logit,effect::Cleanup,-0.0617278358019701
187,logit,effect::Threat,-0.0135823727174709
187,logit,effect::Impact,0.0367881378685739
187,poisson,effect::Cleanup,0.00438782616343448
187,poisson,effect::Threat,0.00461333746094477
187,poisson,effect::Impact,0.00305757167096752
188,logit,effect::Cleanup,-0.0596727299297874
188,logit,effect::Threat,-0.0278536995129204
188,logit,effect::Impact,-0.0372094113477165
188,poisson,effect::Cleanup,0.00436075749064312
188,poisson,effect::Threat,0.00387750437917688
188,poisson,effect::Impact,0.00198907571266418
189,logit,effect::Cleanup,-0.0431228996377472
189,logit,effect::Threat,-0.0499814027287615
189,logit,effect::Impact,0.0131148581001892
189,poisson,effect::Cleanup,0.00434383833974707
189,poisson,effect::Threat,0.00165084348437419
189,poisson,effect::Impact,-0.00158903123649892
190,logit,effect::Cleanup,-0.0334558744475465
190,logit,effect::Threat,0.0237787106014752
190,logit,effect::Impact,-0.0141039054335216
190,poisson,effect::Cleanup,0.00216279389809251
190,poisson,effect::Threat,0.00416519762752231
190,poisson,effect::Impact,-0.0016362720042001
191,logit,effect::Cleanup,-0.0232306617906486
191,logit,effect::Threat,-0.075107784893669
191,logit,effect::Impact,0.10027748538418
191,poisson,effect::Cleanup,0.00414274006778024
191,poisson,effect::Threat,0.00345441014611138
191,poisson,effect::Impact,0.00112980752906593
192,logit,effect::Cleanup,0.031600408659185
192,logit,effect::Threat,-0.0896446489665154
192,logit,effect::Impact,-0.0987698015874277
192,poisson,effect::Cleanup,0.00377802580881752
192,poisson,effect::Threat,0.00474331080390353
192,poisson,effect::Impact,0.00143674823549198
193,logit,effect::Cleanup,-0.0395159202083573
193,logit,effect::Threat,-0.0840855249408621
193,logit,effect::Impact,-0.111270539529219
193,poisson,effect::Cleanup,0.00612888670090517
193,poisson,effect::Threat,0.00554168156314766
193,poisson,effect::Impact,0.00425528767667274
194,logit,effect::Cleanup,-0.0562705068993871
194,logit,effect::Threat,-0.0379349726050122
194,logit,effect::Impact,0.00474870881413124
194,poisson,effect::Cleanup,0.00341557181699772
194,poisson,effect::Threat,0.00398451006872998
194,poisson,effect::Impact,0.00246624304569681
195,logit,effect::Cleanup,0.00548133924388209
195,logit,effect::Threat,0.00489639615156237
195,logit,effect::Impact,-0.0213365031778301
195,poisson,effect::Cleanup,0.00412394815208426
195,poisson,effect::Threat,0.00290795168717461
195,poisson,effect::Impact,0.00373510906026722
196,logit,effect::Cleanup,-0.0250654708852901
196,logit,effect::Threat,-0.0264573610144965
196,logit,effect::Impact,-0.0760948650401625
196,poisson,effect::Cleanup,0.00593966720286683
196,poisson,effect::Threat,0.00464920958087684
196,poisson,effect::Impact,0.00127181493294973
197,logit,effect::Cleanup,-0.049821915397121
197,logit,effect::Threat,-0.0378523824014417
197,logit,effect::Impact,-0.108485195580732
197,poisson,effect::Cleanup,0.00387656405273586
197,poisson,effect::Threat,0.00196880626360919
197,poisson,effect::Impact,0.00524699057541628
198,logit,effect::Cleanup,-0.0228772721508554
198,logit,effect::Threat,-0.0103412069503235
198,logit,effect::Impact,-0.0489039086534885
198,poisson,effect::Cleanup,0.0045268914396251
198,poisson,effect::Threat,0.00388499314849788
198,poisson,effect::Impact,0.0064892492795705
199,logit,effect::Cleanup,-0.074805749358153
199,logit,effect::Threat,-0.019002868871813
199,logit,effect::Impact,-0.0146933223699937
199,poisson,effect::Cleanup,0.00390447109677261
199,poisson,effect::Threat,0.00569444867578591
199,poisson,effect::Impact,0.00404410946943761
200,logit,effect::Cleanup,-0.010041933950858
200,logit,effect::Threat,-0.0361446087573879
200,logit,effect::Impact,0.09345702246723
200,poisson,effect::Cleanup,0.00283951730797275
200,poisson,effect::Threat,0.00544737541125439
200,poisson,effect::Impact,0.000652096228213694
